Order Number,Order Charged Date,Order Charged Timestamp,Financial Status,Device Model,Product Title,Product ID,Product Type,SKU ID,Currency of Sale,Item Price,Taxes Collected,Charged Amount,City of Buyer,State of Buyer,Postal Code of Buyer,Country of Buyer
1370987528240431,2013-03-05,1362518906,Charged,SHL21,夜桜　ライブ壁紙,com.quan.lwp.fallingleaveslwp,paidapp,,JPY,99.00,0.00,99.00,,,3890822,JP
1383106754074592,2013-03-07,1362673746,Charged,SH12C,夜桜　ライブ壁紙,com.quan.lwp.fallingleaveslwp,paidapp,,JPY,99.00,0.00,99.00,,,3710114,JP
1307246021338649,2013-03-07,1362685806,Charged,SO-02C,夜桜　ライブ壁紙,com.quan.lwp.fallingleaveslwp,paidapp,,JPY,99.00,0.00,99.00,さいたま市北区宮原町,埼玉県,3310812,JP
1389362175862107,2013-03-09,1362863810,Charged,SH01D,夜桜　ライブ壁紙,com.quan.lwp.fallingleaveslwp,paidapp,,JPY,99.00,0.00,99.00,松戸市高塚新田,千葉県,2702222,JP
1326593522696932,2013-03-10,1362896272,Charged,N-01D,夜桜　ライブ壁紙,com.quan.lwp.fallingleaveslwp,paidapp,,JPY,99.00,0.00,99.00,秩父郡小鹿野町大字飯田,埼玉県,368-0111,JP
1307560629055035,2013-03-10,1362932472,Charged,SHI13,夜桜　ライブ壁紙,com.quan.lwp.fallingleaveslwp,paidapp,,JPY,99.00,0.00,99.00,,,6971322,JP
1356854680258609,2013-03-10,1362948713,Charged,KYY04,夜桜　ライブ壁紙,com.quan.lwp.fallingleaveslwp,paidapp,,JPY,99.00,0.00,99.00,小田原市清水新田,神奈川県,2500855,JP
1301018966642781,2013-03-10,1362953046,Charged,f11eif,夜桜　ライブ壁紙,com.quan.lwp.fallingleaveslwp,paidapp,,JPY,99.00,0.00,99.00,諏訪市四賀,長野県,3920012,JP
1343744637331740,2013-03-11,1362970861,Charged,d2spr,Cherry blossom LiveWallpaper,com.quan.lwp.fallingleaveslwp,paidapp,,USD,0.99,0.00,0.99,OKLAHOMA CITY,OK,73120,US
1308325022039482,2013-03-11,1363031232,Charged,SH10D,夜桜　ライブ壁紙,com.quan.lwp.fallingleaveslwp,paidapp,,JPY,99.00,0.00,99.00,利府町赤沼字中倉,宮城県,9810101,JP
1363093947630868,2013-03-11,1363032269,Charged,N-06C,夜桜　ライブ壁紙,com.quan.lwp.fallingleaveslwp,paidapp,,JPY,99.00,0.00,99.00,,,5200804,JP
1338983281826172,2013-03-12,1363076986,Charged,t0lteatt,Cherry blossom LiveWallpaper,com.quan.lwp.fallingleaveslwp,paidapp,,USD,0.99,0.00,0.99,,,70056,US
1341610602868080,2013-03-12,1363099791,Charged,SOL21,夜桜　ライブ壁紙,com.quan.lwp.fallingleaveslwp,paidapp,,JPY,99.00,0.00,99.00,,,467-0834,JP
1398827088886395,2013-03-12,1363101312,Charged,FJL21,夜桜　ライブ壁紙,com.quan.lwp.fallingleaveslwp,paidapp,,JPY,99.00,0.00,99.00,,,9813417,JP
1312715442685454,2013-03-12,1363104121,Charged,CAL21,夜桜　ライブ壁紙,com.quan.lwp.fallingleaveslwp,paidapp,,JPY,99.00,0.00,99.00,,,3620073,JP
1331475309693433,2013-03-12,1363111165,Charged,SBM203SH,夜桜　ライブ壁紙,com.quan.lwp.fallingleaveslwp,paidapp,,JPY,99.00,0.00,99.00,,,431-1411,JP
1377814838377154,2013-03-12,1363111784,Charged,d2dcm,夜桜　ライブ壁紙,com.quan.lwp.fallingleaveslwp,paidapp,,JPY,99.00,0.00,99.00,,,904-2231,JP
1304738860146910,2013-03-12,1363117262,Charged,dlxj,夜桜　ライブ壁紙,com.quan.lwp.fallingleaveslwp,paidapp,,JPY,99.00,0.00,99.00,,,7000951,JP
1351535541191252,2013-03-13,1363152569,Charged,SBM203SH,夜桜　ライブ壁紙,com.quan.lwp.fallingleaveslwp,paidapp,,JPY,99.00,0.00,99.00,越谷市,埼玉県,343-0022,JP
1306001948368768,2013-03-13,1363189413,Charged,SBM006SH,夜桜　ライブ壁紙,com.quan.lwp.fallingleaveslwp,paidapp,,JPY,99.00,0.00,99.00,北群馬郡吉岡町大久保,群馬県,3703602,JP
1300986035062998,2013-03-13,1363198579,Charged,IS11N,夜桜　ライブ壁紙,com.quan.lwp.fallingleaveslwp,paidapp,,JPY,99.00,0.00,99.00,白山市山島台,石川県,9240836,JP
1358770812120152,2013-03-13,1363214562,Charged,SH02E,夜桜　ライブ壁紙,com.quan.lwp.fallingleaveslwp,paidapp,,JPY,99.00,0.00,99.00,,,634-0822,JP
1326516334596261,2013-03-14,1363272958,Charged,SHI15,夜桜　ライブ壁紙,com.quan.lwp.fallingleaveslwp,paidapp,,JPY,99.00,0.00,99.00,,,0850036,JP
1305534322797294,2013-03-14,1363289482,Charged,SBM203SH,夜桜　ライブ壁紙,com.quan.lwp.fallingleaveslwp,paidapp,,JPY,99.00,0.00,99.00,,,514-2113,JP
1319577291447824,2013-03-14,1363292256,Charged,SO-02E,夜桜　ライブ壁紙,com.quan.lwp.fallingleaveslwp,paidapp,,JPY,99.00,0.00,99.00,,,6350831,JP
1339506152966538,2013-03-14,1363295354,Charged,SC-02C,夜桜　ライブ壁紙,com.quan.lwp.fallingleaveslwp,paidapp,,JPY,99.00,0.00,99.00,,,520-3245,JP
1316640605979548,2013-03-15,1363312997,Charged,SC-05D,夜桜　ライブ壁紙,com.quan.lwp.fallingleaveslwp,paidapp,,JPY,99.00,0.00,99.00,寝屋川市三井が丘,大阪府,572-0013,JP
1316386873198348,2013-03-15,1363337311,Charged,dlxj,夜桜　ライブ壁紙,com.quan.lwp.fallingleaveslwp,paidapp,,JPY,99.00,0.00,99.00,,,849-4271,JP
1327269788820536,2013-03-15,1363354487,Charged,F04E,夜桜　ライブ壁紙,com.quan.lwp.fallingleaveslwp,paidapp,,JPY,99.00,0.00,99.00,明石市魚住町清水531ｰ10,兵庫県,6740074,JP
1364969965453219,2013-03-15,1363371577,Charged,IS11S,夜桜　ライブ壁紙,com.quan.lwp.fallingleaveslwp,paidapp,,JPY,99.00,0.00,99.00,,,923-1226,JP
1384027092637410,2013-03-15,1363371648,Charged,SC-03D,夜桜　ライブ壁紙,com.quan.lwp.fallingleaveslwp,paidapp,,JPY,99.00,0.00,99.00,小川町,埼玉県,355-0328,JP
1337140983548041,2013-03-15,1363384210,Charged,F02E,夜桜　ライブ壁紙,com.quan.lwp.fallingleaveslwp,paidapp,,JPY,99.00,0.00,99.00,,,3000052,JP
1306137468664392,2013-03-16,1363412584,Charged,F04E,夜桜　ライブ壁紙,com.quan.lwp.fallingleaveslwp,paidapp,,JPY,99.00,0.00,99.00,,,2710051,JP
1370544794873823,2013-03-16,1363425579,Charged,SO-02C,夜桜　ライブ壁紙,com.quan.lwp.fallingleaveslwp,paidapp,,JPY,99.00,0.00,99.00,瀬戸内市邑久町虫明,岡山県,701-4501,JP
1395061976340612,2013-03-16,1363470938,Charged,IS11CA,夜桜　ライブ壁紙,com.quan.lwp.fallingleaveslwp,paidapp,,JPY,99.00,0.00,99.00,宇和島市野川甲,愛媛県,7980044,JP
1350391932011482,2013-03-17,1363504876,Charged,SC-02C,夜桜　ライブ壁紙,com.quan.lwp.fallingleaveslwp,paidapp,,JPY,99.00,0.00,99.00,横浜市,神奈川県,241-0023,JP
1366503370458998,2013-03-17,1363515157,Charged,SH02E,夜桜　ライブ壁紙,com.quan.lwp.fallingleaveslwp,paidapp,,JPY,99.00,0.00,99.00,,,8500011,JP
1397944330372132,2013-03-17,1363525545,Charged,SC-03D,夜桜　ライブ壁紙,com.quan.lwp.fallingleaveslwp,paidapp,,JPY,99.00,0.00,99.00,横浜市緑区上山,神奈川県,2260012,JP
1370539772823512,2013-03-17,1363526328,Charged,SC-03E,夜桜　ライブ壁紙,com.quan.lwp.fallingleaveslwp,paidapp,,JPY,99.00,0.00,99.00,,,5016115,JP
1327588373334446,2013-03-17,1363530780,Charged,ST26i,Cherry blossom LiveWallpaper,com.quan.lwp.fallingleaveslwp,paidapp,,SGD,1.31,0.00,1.31,,,640535,SG
1372764345206805,2013-03-17,1363536861,Charged,P-02E,夜桜　ライブ壁紙,com.quan.lwp.fallingleaveslwp,paidapp,,JPY,99.00,0.00,99.00,,,0110917,JP
1335983993327820,2013-03-17,1363539286,Charged,SC-03D,夜桜　ライブ壁紙,com.quan.lwp.fallingleaveslwp,paidapp,,JPY,99.00,0.00,99.00,内ヶ島町,群馬県,373-0813,JP
1391953428135261,2013-03-17,1363541192,Charged,maruko,夜桜　ライブ壁紙,com.quan.lwp.fallingleaveslwp,paidapp,,JPY,99.00,0.00,99.00,,,2990115,JP
1367753385942535,2013-03-17,1363547887,Charged,SH12C,夜桜　ライブ壁紙,com.quan.lwp.fallingleaveslwp,paidapp,,JPY,99.00,0.00,99.00,富士宮市猫沢,静岡県,4190302,JP
1344084052092154,2013-03-17,1363561853,Charged,streak,夜桜　ライブ壁紙,com.quan.lwp.fallingleaveslwp,paidapp,,JPY,99.00,0.00,99.00,,,9650834,JP
1312120906468665,2013-03-17,1363564544,Charged,F04E,夜桜　ライブ壁紙,com.quan.lwp.fallingleaveslwp,paidapp,,JPY,99.00,0.00,99.00,,,252-0335,JP
1380169793364769,2013-03-17,1363564545,Charged,SC-03D,夜桜　ライブ壁紙,com.quan.lwp.fallingleaveslwp,paidapp,,JPY,99.00,0.00,99.00,中京区壬生賀陽御所町,京都府,6048811,JP
1319780391319917,2013-03-18,1363573500,Charged,SC-02B,夜桜　ライブ壁紙,com.quan.lwp.fallingleaveslwp,paidapp,,JPY,99.00,0.00,99.00,高砂市中筋4丁目,兵庫県,676-0812,JP
1313494840144866,2013-03-18,1363595678,Charged,dlxj,夜桜　ライブ壁紙,com.quan.lwp.fallingleaveslwp,paidapp,,JPY,99.00,0.00,99.00,,,3550077,JP
1370052443666804,2013-03-18,1363600318,Charged,SC-03E,夜桜　ライブ壁紙,com.quan.lwp.fallingleaveslwp,paidapp,,JPY,99.00,0.00,99.00,,,0892152,JP
1312235914169086,2013-03-18,1363622805,Charged,KYL21,夜桜　ライブ壁紙,com.quan.lwp.fallingleaveslwp,paidapp,,JPY,99.00,0.00,99.00,,,723-0004,JP
1377559769607388,2013-03-18,1363624651,Charged,GT-I9070,Cherry blossom LiveWallpaper,com.quan.lwp.fallingleaveslwp,paidapp,,JPY,99.00,0.00,99.00,อ.เมือง,สมุทรสงคราม,75000,TH
1306125916009754,2013-03-18,1363632458,Charged,IS12S,夜桜　ライブ壁紙,com.quan.lwp.fallingleaveslwp,paidapp,,JPY,99.00,0.00,99.00,安曇野市三郷明盛,長野県,3998101,JP
1368454887980686,2013-03-18,1363634555,Charged,t0lteatt,Cherry blossom LiveWallpaper,com.quan.lwp.fallingleaveslwp,paidapp,,USD,0.99,0.00,0.99,,,13601,US
1330912187475445,2013-03-18,1363637797,Charged,SH12C,夜桜　ライブ壁紙,com.quan.lwp.fallingleaveslwp,paidapp,,JPY,99.00,0.00,99.00,伏見区淀際目240-1,京都府,6130915,JP
1388666928407726,2013-03-18,1363641428,Charged,mirachj,夜桜　ライブ壁紙,com.quan.lwp.fallingleaveslwp,paidapp,,JPY,99.00,0.00,99.00,南津軽郡田舎館村,青森県,038-1133,JP
1313355696787780,2013-03-18,1363641888,Charged,imnj,夜桜　ライブ壁紙,com.quan.lwp.fallingleaveslwp,paidapp,,JPY,99.00,0.00,99.00,,,5050116,JP
1357550865880626,2013-03-18,1363643195,Charged,SH02E,夜桜　ライブ壁紙,com.quan.lwp.fallingleaveslwp,paidapp,,EUR,0.81,0.00,0.81,,,71155,DE
1333027279687427,2013-03-18,1363648265,Charged,blaze,夜桜　ライブ壁紙,com.quan.lwp.fallingleaveslwp,paidapp,,JPY,99.00,0.00,99.00,柳井市,山口県,742-0021,JP
1319663807474513,2013-03-18,1363648728,Charged,geehdc,夜桜　ライブ壁紙,com.quan.lwp.fallingleaveslwp,paidapp,,JPY,99.00,0.00,99.00,,,1760022,JP
1368324575474331,2013-03-18,1363650031,Charged,SBM103SH,夜桜　ライブ壁紙,com.quan.lwp.fallingleaveslwp,paidapp,,JPY,99.00,0.00,99.00,静岡市清水区,静岡県,4213203,JP
1306511845340147,2013-03-19,1363664644,Charged,d2dcm,夜桜　ライブ壁紙,com.quan.lwp.fallingleaveslwp,paidapp,,JPY,99.00,0.00,99.00,,,362-0805,JP
1382698169472512,2013-03-19,1363694708,Charged,SH04E,夜桜　ライブ壁紙,com.quan.lwp.fallingleaveslwp,paidapp,,JPY,99.00,0.00,99.00,,,1540002,JP
1364837915810070,2013-03-19,1363727735,Charged,blaze,夜桜　ライブ壁紙,com.quan.lwp.fallingleaveslwp,paidapp,,JPY,99.00,0.00,99.00,,,3610071,JP
1365577091029781,2013-03-19,1363728480,Charged,N-07D,夜桜　ライブ壁紙,com.quan.lwp.fallingleaveslwp,paidapp,,JPY,99.00,0.00,99.00,,,9708026,JP
1359871264914971,2013-03-19,1363728852,Charged,ISW11SC,夜桜　ライブ壁紙,com.quan.lwp.fallingleaveslwp,paidapp,,JPY,99.00,0.00,99.00,,,8120853,JP
1322976515406095,2013-03-19,1363732832,Charged,SH06D,夜桜　ライブ壁紙,com.quan.lwp.fallingleaveslwp,paidapp,,JPY,99.00,0.00,99.00,,,2520205,JP
1338603160340821,2013-03-20,1363757733,Charged,SH09D,夜桜　ライブ壁紙,com.quan.lwp.fallingleaveslwp,paidapp,,JPY,99.00,0.00,99.00,川崎市幸区小倉,神奈川県,2120054,JP
1340257506722308,2013-03-20,1363769563,Charged,SHL21,夜桜　ライブ壁紙,com.quan.lwp.fallingleaveslwp,paidapp,,JPY,99.00,0.00,99.00,,,8994322,JP
1335408832299720,2013-03-20,1363775322,Charged,SO-02E,夜桜　ライブ壁紙,com.quan.lwp.fallingleaveslwp,paidapp,,JPY,99.00,0.00,99.00,,,336-0034,JP
1363972212681679,2013-03-20,1363776761,Charged,SHL21,夜桜　ライブ壁紙,com.quan.lwp.fallingleaveslwp,paidapp,,JPY,99.00,0.00,99.00,,,9318452,JP
1393541698575676,2013-03-20,1363785814,Charged,SBM106SH,夜桜　ライブ壁紙,com.quan.lwp.fallingleaveslwp,paidapp,,JPY,99.00,0.00,99.00,八街市,千葉県,289-1113,JP
1361405117316401,2013-03-20,1363789262,Charged,SO-03D,夜桜　ライブ壁紙,com.quan.lwp.fallingleaveslwp,paidapp,,JPY,99.00,0.00,99.00,大田区,東京都,144-0034,JP
1337205840453619,2013-03-20,1363792219,Charged,SC-03D,夜桜　ライブ壁紙,com.quan.lwp.fallingleaveslwp,paidapp,,JPY,99.00,0.00,99.00,三股町,宮崎県,889-1914,JP
1385336161285599,2013-03-20,1363805744,Charged,SH06D,夜桜　ライブ壁紙,com.quan.lwp.fallingleaveslwp,paidapp,,JPY,99.00,0.00,99.00,桑名市,三重県,5110867,JP
1336942268469653,2013-03-20,1363809656,Charged,SO-05D,夜桜　ライブ壁紙,com.quan.lwp.fallingleaveslwp,paidapp,,JPY,99.00,0.00,99.00,大阪市西淀川区,大阪府,555-0025,JP
1332402977474804,2013-03-20,1363816588,Charged,SO-03D,夜桜　ライブ壁紙,com.quan.lwp.fallingleaveslwp,paidapp,,JPY,99.00,0.00,99.00,真岡市上高間木,栃木県,3214337,JP
1313524003510289,2013-03-20,1363821044,Charged,SO-05D,夜桜　ライブ壁紙,com.quan.lwp.fallingleaveslwp,paidapp,,JPY,99.00,0.00,99.00,高知市,高知県,7808040,JP
1338843104827909,2013-03-21,1363840171,Charged,F04E,夜桜　ライブ壁紙,com.quan.lwp.fallingleaveslwp,paidapp,,JPY,99.00,0.00,99.00,,,8693171,JP
1349627484825170,2013-03-21,1363845863,Charged,DM013SH,夜桜　ライブ壁紙,com.quan.lwp.fallingleaveslwp,paidapp,,JPY,99.00,0.00,99.00,,,3440022,JP
1382609701305773,2013-03-21,1363854735,Charged,ISW11SC,夜桜　ライブ壁紙,com.quan.lwp.fallingleaveslwp,paidapp,,JPY,99.00,0.00,99.00,,,992-0351,JP
1386053775429063,2013-03-21,1363854886,Charged,SC-05D,夜桜　ライブ壁紙,com.quan.lwp.fallingleaveslwp,paidapp,,JPY,99.00,0.00,99.00,船橋市湊町2-12-10,千葉県,2730011,JP
1319207760867769,2013-03-21,1363855954,Charged,IS12S,夜桜　ライブ壁紙,com.quan.lwp.fallingleaveslwp,paidapp,,JPY,99.00,0.00,99.00,,,6692716,JP
1378994906047098,2013-03-21,1363864762,Charged,F10D,夜桜　ライブ壁紙,com.quan.lwp.fallingleaveslwp,paidapp,,JPY,99.00,0.00,99.00,,,3260005,JP
1319724054444194,2013-03-21,1363867060,Charged,SH02E,夜桜　ライブ壁紙,com.quan.lwp.fallingleaveslwp,paidapp,,JPY,99.00,0.00,99.00,,,3260143,JP
1308244438515397,2013-03-21,1363870107,Charged,SOL21,夜桜　ライブ壁紙,com.quan.lwp.fallingleaveslwp,paidapp,,JPY,99.00,0.00,99.00,,,612-8227,JP
1351384741234093,2013-03-21,1363885595,Charged,SBM200SH,夜桜　ライブ壁紙,com.quan.lwp.fallingleaveslwp,paidapp,,JPY,99.00,0.00,99.00,,,3540018,JP
1397507802213679,2013-03-21,1363888348,Charged,m0,Cherry blossom LiveWallpaper,com.quan.lwp.fallingleaveslwp,paidapp,,JPY,99.00,0.00,99.00,Taguig City,,,PH
1319769538934971,2013-03-21,1363889558,Charged,SH06D,夜桜　ライブ壁紙,com.quan.lwp.fallingleaveslwp,paidapp,,JPY,99.00,0.00,99.00,,,3214404,JP
1363506355432442,2013-03-21,1363893751,Charged,blaze,夜桜　ライブ壁紙,com.quan.lwp.fallingleaveslwp,paidapp,,JPY,99.00,0.00,99.00,,,7982102,JP
1396952736213131,2013-03-21,1363895167,Charged,F10D,夜桜　ライブ壁紙,com.quan.lwp.fallingleaveslwp,paidapp,,JPY,99.00,0.00,99.00,平川市柏木町柳田,青森県,0360104,JP
1360409294639998,2013-03-21,1363899751,Charged,ISW11SC,夜桜　ライブ壁紙,com.quan.lwp.fallingleaveslwp,paidapp,,JPY,99.00,0.00,99.00,,,7760036,JP
1385376791158477,2013-03-22,1363926896,Charged,d2dcm,夜桜　ライブ壁紙,com.quan.lwp.fallingleaveslwp,paidapp,,JPY,99.00,0.00,99.00,東大和市,東京都,207-0032,JP
1394489499646653,2013-03-22,1363927319,Charged,f11eif,夜桜　ライブ壁紙,com.quan.lwp.fallingleaveslwp,paidapp,,JPY,99.00,0.00,99.00,西区周船寺,福岡県,819-0373,JP
1349446812495398,2013-03-22,1363947820,Charged,SC-02E,夜桜　ライブ壁紙,com.quan.lwp.fallingleaveslwp,paidapp,,JPY,99.00,0.00,99.00,大阪市,大阪府,5320022,JP
1312748590945452,2013-03-22,1363953346,Charged,SBM106SH,夜桜　ライブ壁紙,com.quan.lwp.fallingleaveslwp,paidapp,,JPY,99.00,0.00,99.00,,,6540162,JP
1341978934493440,2013-03-22,1363954185,Charged,IS11S,夜桜　ライブ壁紙,com.quan.lwp.fallingleaveslwp,paidapp,,JPY,99.00,0.00,99.00,吉見町,埼玉県,355-0110,JP
1390416015010754,2013-03-22,1363954381,Charged,ISW11SC,夜桜　ライブ壁紙,com.quan.lwp.fallingleaveslwp,paidapp,,JPY,99.00,0.00,99.00,野田市,千葉県,2780042,JP
1313506744922486,2013-03-22,1363959502,Charged,LT15i,Cherry blossom LiveWallpaper,com.quan.lwp.fallingleaveslwp,paidapp,,USD,1.05,0.00,1.05,Ha Noi,HÀ NỘI,,VN
1303361456541146,2013-03-22,1363964472,Charged,i_dcm,夜桜　ライブ壁紙,com.quan.lwp.fallingleaveslwp,paidapp,,JPY,99.00,0.00,99.00,千葉市花見川区,千葉県,262-0001,JP
1358770582639584,2013-03-22,1363966314,Charged,SH02E,夜桜　ライブ壁紙,com.quan.lwp.fallingleaveslwp,paidapp,,JPY,99.00,0.00,99.00,,,370-3402,JP
1381571061680132,2013-03-22,1363970758,Charged,SOL21,夜桜　ライブ壁紙,com.quan.lwp.fallingleaveslwp,paidapp,,JPY,99.00,0.00,99.00,,,779-3601,JP
1322310696079877,2013-03-22,1363979857,Charged,IS11S,夜桜　ライブ壁紙,com.quan.lwp.fallingleaveslwp,paidapp,,JPY,99.00,0.00,99.00,,,889-0506,JP
1300826376217245,2013-03-22,1363981624,Charged,SOL21,夜桜　ライブ壁紙,com.quan.lwp.fallingleaveslwp,paidapp,,JPY,99.00,0.00,99.00,,,2150017,JP
1300698277569741,2013-03-22,1363985749,Charged,d2dcm,夜桜　ライブ壁紙,com.quan.lwp.fallingleaveslwp,paidapp,,JPY,99.00,0.00,99.00,中野市,長野県,3830044,JP
1366672270369379,2013-03-22,1363991341,Charged,SOL21,夜桜　ライブ壁紙,com.quan.lwp.fallingleaveslwp,paidapp,,JPY,99.00,0.00,99.00,,,350-1323,JP
1305895837332303,2013-03-22,1363992304,Charged,SO-03D,夜桜　ライブ壁紙,com.quan.lwp.fallingleaveslwp,paidapp,,JPY,99.00,0.00,99.00,吹田市片山町,大阪府,5640082,JP
1345201304352864,2013-03-23,1364025924,Charged,SO-04D,夜桜　ライブ壁紙,com.quan.lwp.fallingleaveslwp,paidapp,,JPY,99.00,0.00,99.00,佐久市平賀,長野県,385-0034,JP
1362992536288581,2013-03-23,1364035119,Charged,geehdc,夜桜　ライブ壁紙,com.quan.lwp.fallingleaveslwp,paidapp,,JPY,99.00,0.00,99.00,,,2890617,JP
1377064946821765,2013-03-23,1364039948,Charged,N-05D,夜桜　ライブ壁紙,com.quan.lwp.fallingleaveslwp,paidapp,,JPY,99.00,0.00,99.00,狭山市,埼玉県,350-1306,JP
1336906982396253,2013-03-23,1364041549,Charged,SOL21,夜桜　ライブ壁紙,com.quan.lwp.fallingleaveslwp,paidapp,,JPY,99.00,0.00,99.00,,,1910065,JP
1361760406526752,2013-03-23,1364049799,Charged,F04E,夜桜　ライブ壁紙,com.quan.lwp.fallingleaveslwp,paidapp,,JPY,99.00,0.00,99.00,,,9980011,JP
1305562192756463,2013-03-23,1364061809,Charged,F04E,夜桜　ライブ壁紙,com.quan.lwp.fallingleaveslwp,paidapp,,JPY,99.00,0.00,99.00,,,8930037,JP
1322105988938558,2013-03-23,1364063435,Charged,SBM106SH,夜桜　ライブ壁紙,com.quan.lwp.fallingleaveslwp,paidapp,,JPY,99.00,0.00,99.00,,,2430017,JP
1380322366760375,2013-03-23,1364066343,Charged,blaze,夜桜　ライブ壁紙,com.quan.lwp.fallingleaveslwp,paidapp,,JPY,99.00,0.00,99.00,名取市上余田字千刈田,宮城県,9811222,JP
1371346005886425,2013-03-23,1364067609,Charged,SC-02C,夜桜　ライブ壁紙,com.quan.lwp.fallingleaveslwp,paidapp,,JPY,99.00,0.00,99.00,西牟婁郡すさみ町周参見,和歌山県,649-2621,JP
1339449442778429,2013-03-23,1364069465,Charged,SC-02C,夜桜　ライブ壁紙,com.quan.lwp.fallingleaveslwp,paidapp,,JPY,99.00,0.00,99.00,,,2900002,JP
1352980329163679,2013-03-23,1364071820,Charged,ISW11SC,夜桜　ライブ壁紙,com.quan.lwp.fallingleaveslwp,paidapp,,JPY,99.00,0.00,99.00,北見市常呂町岐阜,北海道,0930215,JP
1325996059020470,2013-03-23,1364072579,Charged,SBM101F,夜桜　ライブ壁紙,com.quan.lwp.fallingleaveslwp,paidapp,,JPY,99.00,0.00,99.00,川崎市麻生区王禅寺東,神奈川県,215-0018,JP
1384499998605505,2013-03-23,1364076183,Charged,IS12S,夜桜　ライブ壁紙,com.quan.lwp.fallingleaveslwp,paidapp,,JPY,99.00,0.00,99.00,三郷市,埼玉県,3410041,JP
1301560948133119,2013-03-23,1364077225,Charged,t0ltevzw,Cherry blossom LiveWallpaper,com.quan.lwp.fallingleaveslwp,paidapp,,USD,0.99,0.00,0.99,,,11413,US
1346367146402333,2013-03-23,1364078799,Charged,SBM200SH,夜桜　ライブ壁紙,com.quan.lwp.fallingleaveslwp,paidapp,,JPY,99.00,0.00,99.00,,,8691111,JP
1333975429062921,2013-03-23,1364079186,Charged,N-05D,夜桜　ライブ壁紙,com.quan.lwp.fallingleaveslwp,paidapp,,JPY,99.00,0.00,99.00,,,2430032,JP
1351585637897919,2013-03-23,1364079252,Charged,dlxj,夜桜　ライブ壁紙,com.quan.lwp.fallingleaveslwp,paidapp,,JPY,99.00,0.00,99.00,,,7530214,JP
1367860490476201,2013-03-23,1364082846,Charged,SC-03D,夜桜　ライブ壁紙,com.quan.lwp.fallingleaveslwp,paidapp,,JPY,99.00,0.00,99.00,町田市,神奈川県,2150021,JP
1340440470199122,2013-03-24,1364086283,Charged,rk29sdk,Cherry blossom LiveWallpaper,com.quan.lwp.fallingleaveslwp,paidapp,,JPY,99.00,0.00,99.00,Quezon City,,1100,PH
1361838532026367,2013-03-24,1364086526,Charged,SO-02E,夜桜　ライブ壁紙,com.quan.lwp.fallingleaveslwp,paidapp,,JPY,99.00,0.00,99.00,,,2400113,JP
1390739233121393,2013-03-24,1364093168,Charged,SH01E,夜桜　ライブ壁紙,com.quan.lwp.fallingleaveslwp,paidapp,,JPY,99.00,0.00,99.00,,,3000012,JP
1333610074014024,2013-03-24,1364097915,Charged,blaze,夜桜　ライブ壁紙,com.quan.lwp.fallingleaveslwp,paidapp,,JPY,99.00,0.00,99.00,金沢市,石川県,9218066,JP
1301183352486825,2013-03-24,1364098005,Charged,geehdc,夜桜　ライブ壁紙,com.quan.lwp.fallingleaveslwp,paidapp,,JPY,99.00,0.00,99.00,,,6550031,JP
1300941863385829,2013-03-24,1364109235,Charged,t03g,夜桜　ライブ壁紙,com.quan.lwp.fallingleaveslwp,paidapp,,JPY,99.00,0.00,99.00,,,320,TW
1389999430913225,2013-03-24,1364109856,Charged,P-06D,夜桜　ライブ壁紙,com.quan.lwp.fallingleaveslwp,paidapp,,JPY,99.00,0.00,99.00,,,7911115,JP
1376467272823498,2013-03-24,1364116953,Charged,N-01D,夜桜　ライブ壁紙,com.quan.lwp.fallingleaveslwp,paidapp,,JPY,99.00,0.00,99.00,青森市,青森県,0380031,JP
1362342097107401,2013-03-24,1364117218,Charged,d2dcm,夜桜　ライブ壁紙,com.quan.lwp.fallingleaveslwp,paidapp,,JPY,99.00,0.00,99.00,堺市,大阪府,5900117,JP
1364637325952396,2013-03-24,1364122566,Charged,F10D,夜桜　ライブ壁紙,com.quan.lwp.fallingleaveslwp,paidapp,,JPY,99.00,0.00,99.00,桜川市,茨城県,309-1221,JP
1319799168787250,2013-03-24,1364122681,Charged,FJL21,夜桜　ライブ壁紙,com.quan.lwp.fallingleaveslwp,paidapp,,JPY,99.00,0.00,99.00,,,0500077,JP
1350087910257947,2013-03-24,1364126157,Charged,WX04K,夜桜　ライブ壁紙,com.quan.lwp.fallingleaveslwp,paidapp,,JPY,99.00,0.00,99.00,,,0060815,JP
1370923002705842,2013-03-24,1364133404,Charged,SO-01C,夜桜　ライブ壁紙,com.quan.lwp.fallingleaveslwp,paidapp,,JPY,99.00,0.00,99.00,千曲市杭瀬下,長野県,3870011,JP
1396067826079158,2013-03-24,1364135200,Charged,SC-03E,夜桜　ライブ壁紙,com.quan.lwp.fallingleaveslwp,paidapp,,JPY,99.00,0.00,99.00,,,0340001,JP
1310175336334954,2013-03-24,1364136524,Charged,SC-01D,夜桜　ライブ壁紙,com.quan.lwp.fallingleaveslwp,paidapp,,JPY,99.00,0.00,99.00,岩手郡滝沢村,岩手県,020-0173,JP
1302362618252802,2013-03-24,1364138538,Charged,pana1,夜桜　ライブ壁紙,com.quan.lwp.fallingleaveslwp,paidapp,,JPY,99.00,0.00,99.00,高槻市,大阪府,5690857,JP
1387973333391383,2013-03-24,1364143500,Charged,tg03,夜桜　ライブ壁紙,com.quan.lwp.fallingleaveslwp,paidapp,,JPY,99.00,0.00,99.00,川口市,埼玉県,332-0011,JP
1372987761481741,2013-03-24,1364143720,Charged,grouper,夜桜　ライブ壁紙,com.quan.lwp.fallingleaveslwp,paidapp,,JPY,99.00,0.00,99.00,名古屋市北区六が池町,愛知県,462-0002,JP
1322113206809964,2013-03-24,1364145234,Charged,KYY04,夜桜　ライブ壁紙,com.quan.lwp.fallingleaveslwp,paidapp,,JPY,99.00,0.00,99.00,津山市小田中,岡山県,7080006,JP
1382095319282626,2013-03-24,1364146217,Charged,F10D,夜桜　ライブ壁紙,com.quan.lwp.fallingleaveslwp,paidapp,,JPY,99.00,0.00,99.00,,,3360042,JP
1378653068816948,2013-03-24,1364147416,Charged,l_dcm,夜桜　ライブ壁紙,com.quan.lwp.fallingleaveslwp,paidapp,,JPY,99.00,0.00,99.00,,,0840912,JP
1387415680358477,2013-03-24,1364147611,Charged,SO-02E,夜桜　ライブ壁紙,com.quan.lwp.fallingleaveslwp,paidapp,,JPY,99.00,0.00,99.00,,,7800072,JP
1399305642708273,2013-03-24,1364148644,Charged,WX04K,夜桜　ライブ壁紙,com.quan.lwp.fallingleaveslwp,paidapp,,JPY,99.00,0.00,99.00,,,4928213,JP
1341652722502092,2013-03-24,1364150212,Charged,KYL21,夜桜　ライブ壁紙,com.quan.lwp.fallingleaveslwp,paidapp,,JPY,99.00,0.00,99.00,,,761-0113,JP
1360318148899136,2013-03-24,1364150853,Charged,SBM201F,夜桜　ライブ壁紙,com.quan.lwp.fallingleaveslwp,paidapp,,JPY,99.00,0.00,99.00,,,2240012,JP
1398268748115228,2013-03-24,1364151944,Charged,SBM203SH,夜桜　ライブ壁紙,com.quan.lwp.fallingleaveslwp,paidapp,,JPY,99.00,0.00,99.00,,,1780064,JP
1332275517777081,2013-03-24,1364163677,Charged,SHI16,夜桜　ライブ壁紙,com.quan.lwp.fallingleaveslwp,paidapp,,JPY,99.00,0.00,99.00,,,432-8021,JP
1361708345816368,2013-03-24,1364165093,Charged,cdma_maserati,Cherry blossom LiveWallpaper,com.quan.lwp.fallingleaveslwp,paidapp,,USD,0.99,0.00,0.99,,,48038,US
1316911256578963,2013-03-24,1364166753,Charged,SBM102SH2,夜桜　ライブ壁紙,com.quan.lwp.fallingleaveslwp,paidapp,,JPY,99.00,0.00,99.00,,,7830084,JP
1357890050539994,2013-03-25,1364198904,Charged,SC-03D,夜桜　ライブ壁紙,com.quan.lwp.fallingleaveslwp,paidapp,,JPY,99.00,0.00,99.00,朝霞市岡,埼玉県,351-0007,JP
1380666967857589,2013-03-25,1364199061,Charged,SH02E,夜桜　ライブ壁紙,com.quan.lwp.fallingleaveslwp,paidapp,,JPY,99.00,0.00,99.00,,,9000003,JP
1384128271051291,2013-03-25,1364200601,Charged,grouper,夜桜　ライブ壁紙,com.quan.lwp.fallingleaveslwp,paidapp,,JPY,99.00,0.00,99.00,,,340-0011,JP
1312056118650637,2013-03-25,1364211737,Charged,WX04K,夜桜　ライブ壁紙,com.quan.lwp.fallingleaveslwp,paidapp,,JPY,99.00,0.00,99.00,,,6638184,JP
1340073799567641,2013-03-25,1364214882,Charged,SC-03E,夜桜　ライブ壁紙,com.quan.lwp.fallingleaveslwp,paidapp,,JPY,99.00,0.00,99.00,,,9430807,JP
1324334827498630,2013-03-25,1364215721,Charged,SC-02C,夜桜　ライブ壁紙,com.quan.lwp.fallingleaveslwp,paidapp,,JPY,99.00,0.00,99.00,,,6120072,JP
1343089175330692,2013-03-25,1364216176,Charged,blaze,夜桜　ライブ壁紙,com.quan.lwp.fallingleaveslwp,paidapp,,JPY,99.00,0.00,99.00,南魚沼郡湯沢町大字湯沢,新潟県,9496101,JP
1358549090311084,2013-03-25,1364216471,Charged,CAL21,夜桜　ライブ壁紙,com.quan.lwp.fallingleaveslwp,paidapp,,JPY,99.00,0.00,99.00,,,0630861,JP
1379568505742362,2013-03-25,1364216611,Charged,valentewx,夜桜　ライブ壁紙,com.quan.lwp.fallingleaveslwp,paidapp,,JPY,99.00,0.00,99.00,,,143-0026,JP
1302893831341243,2013-03-25,1364222120,Charged,SO-02E,夜桜　ライブ壁紙,com.quan.lwp.fallingleaveslwp,paidapp,,JPY,99.00,0.00,99.00,,,321-4361,JP
1368840230186762,2013-03-25,1364223728,Charged,d2dcm,夜桜　ライブ壁紙,com.quan.lwp.fallingleaveslwp,paidapp,,JPY,99.00,0.00,99.00,丸亀市郡家町,香川県,7630093,JP
1312657717572882,2013-03-25,1364227791,Charged,N-07D,夜桜　ライブ壁紙,com.quan.lwp.fallingleaveslwp,paidapp,,JPY,99.00,0.00,99.00,,,8911306,JP
1343474523428286,2013-03-25,1364229565,Charged,SO-02E,夜桜　ライブ壁紙,com.quan.lwp.fallingleaveslwp,paidapp,,JPY,99.00,0.00,99.00,,,2570015,JP
1349917856756942,2013-03-25,1364229930,Charged,SHX12,夜桜　ライブ壁紙,com.quan.lwp.fallingleaveslwp,paidapp,,JPY,99.00,0.00,99.00,世田谷区,東京都,1560043,JP
1304871462485847,2013-03-25,1364234548,Charged,maguro,夜桜　ライブ壁紙,com.quan.lwp.fallingleaveslwp,paidapp,,JPY,99.00,0.00,99.00,,,9400224,JP
1372031008500468,2013-03-25,1364237003,Charged,SHL21,夜桜　ライブ壁紙,com.quan.lwp.fallingleaveslwp,paidapp,,JPY,99.00,0.00,99.00,,,3340073,JP
1371708933490098,2013-03-25,1364238436,Charged,SH01D,夜桜　ライブ壁紙,com.quan.lwp.fallingleaveslwp,paidapp,,JPY,99.00,0.00,99.00,廿日市市廿日市,広島県,7380013,JP
1375415080181580,2013-03-25,1364238512,Charged,SHI12,夜桜　ライブ壁紙,com.quan.lwp.fallingleaveslwp,paidapp,,JPY,99.00,0.00,99.00,,,8620949,JP
1363039234106264,2013-03-25,1364239145,Charged,dlxj,夜桜　ライブ壁紙,com.quan.lwp.fallingleaveslwp,paidapp,,JPY,99.00,0.00,99.00,,,6792151,JP
1328182681464528,2013-03-25,1364239517,Charged,SO-02C,夜桜　ライブ壁紙,com.quan.lwp.fallingleaveslwp,paidapp,,JPY,99.00,0.00,99.00,足立区,東京都,1200006,JP
1342518323767273,2013-03-25,1364242209,Charged,dlxj,夜桜　ライブ壁紙,com.quan.lwp.fallingleaveslwp,paidapp,,JPY,99.00,0.00,99.00,,,8240031,JP
1354219496326876,2013-03-25,1364242357,Charged,x3,夜桜　ライブ壁紙,com.quan.lwp.fallingleaveslwp,paidapp,,JPY,99.00,0.00,99.00,,,744,TW
1382922820055512,2013-03-25,1364244644,Charged,P-02E,夜桜　ライブ壁紙,com.quan.lwp.fallingleaveslwp,paidapp,,JPY,99.00,0.00,99.00,,,8910115,JP
1354268506719764,2013-03-25,1364249254,Charged,tg03,夜桜　ライブ壁紙,com.quan.lwp.fallingleaveslwp,paidapp,,JPY,99.00,0.00,99.00,仙台市泉区虹の丘二丁目,宮城県,9818007,JP
1339580600623543,2013-03-25,1364250528,Charged,blaze,夜桜　ライブ壁紙,com.quan.lwp.fallingleaveslwp,paidapp,,JPY,99.00,0.00,99.00,,,9560015,JP
1388696480820043,2013-03-26,1364257917,Charged,F10D,夜桜　ライブ壁紙,com.quan.lwp.fallingleaveslwp,paidapp,,JPY,99.00,0.00,99.00,滑川町都,埼玉県,3550812,JP
1389751219054460,2013-03-26,1364263959,Charged,ISW11SC,夜桜　ライブ壁紙,com.quan.lwp.fallingleaveslwp,paidapp,,JPY,99.00,0.00,99.00,神戸市,兵庫県,6500001,JP
1304826783994038,2013-03-26,1364264121,Charged,F04E,夜桜　ライブ壁紙,com.quan.lwp.fallingleaveslwp,paidapp,,JPY,99.00,0.00,99.00,,,9891217,JP
1306033848608079,2013-03-26,1364279533,Charged,SH02E,夜桜　ライブ壁紙,com.quan.lwp.fallingleaveslwp,paidapp,,JPY,99.00,0.00,99.00,,,1130021,JP
1313570624959973,2013-03-26,1364282553,Charged,pana1,夜桜　ライブ壁紙,com.quan.lwp.fallingleaveslwp,paidapp,,JPY,99.00,0.00,99.00,東松島市赤井字川前二,宮城県,9810501,JP
1363131395434430,2013-03-26,1364283431,Charged,l_dcm,夜桜　ライブ壁紙,com.quan.lwp.fallingleaveslwp,paidapp,,JPY,99.00,0.00,99.00,,,321-4361,JP
1352080818127574,2013-03-26,1364285851,Charged,F04E,夜桜　ライブ壁紙,com.quan.lwp.fallingleaveslwp,paidapp,,JPY,99.00,0.00,99.00,,,2730866,JP
1382420963798459,2013-03-26,1364286053,Charged,SO-03D,夜桜　ライブ壁紙,com.quan.lwp.fallingleaveslwp,paidapp,,JPY,99.00,0.00,99.00,福岡市博多区吉塚本町,福岡県,8120046,JP
1353505764853832,2013-03-26,1364288975,Charged,SO-02D,夜桜　ライブ壁紙,com.quan.lwp.fallingleaveslwp,paidapp,,JPY,99.00,0.00,99.00,鳥栖市,佐賀県,8410083,JP
1341480609983059,2013-03-26,1364302280,Charged,d2spr,Cherry blossom LiveWallpaper,com.quan.lwp.fallingleaveslwp,paidapp,,USD,0.99,0.00,0.99,,,78611,US
1355967230080227,2013-03-26,1364306448,Charged,vivo,夜桜　ライブ壁紙,com.quan.lwp.fallingleaveslwp,paidapp,,CHF,0.99,0.00,0.99,Winterthur,,8406,CH
1373710108478303,2013-03-26,1364307418,Charged,SO-01E,夜桜　ライブ壁紙,com.quan.lwp.fallingleaveslwp,paidapp,,JPY,99.00,0.00,99.00,,,566-0012,JP
1343741678670701,2013-03-26,1364309211,Charged,f11sky,夜桜　ライブ壁紙,com.quan.lwp.fallingleaveslwp,paidapp,,JPY,99.00,0.00,99.00,小山市駅東通り2-40-7,栃木県,3290022,JP
1314902469738750,2013-03-26,1364309621,Charged,SC-02B,夜桜　ライブ壁紙,com.quan.lwp.fallingleaveslwp,paidapp,,JPY,99.00,0.00,99.00,八尾市,大阪府,5810063,JP
1339799831341491,2013-03-26,1364312233,Charged,F04E,夜桜　ライブ壁紙,com.quan.lwp.fallingleaveslwp,paidapp,,JPY,99.00,0.00,99.00,,,3110105,JP
1313951754609281,2013-03-26,1364312762,Charged,valentewx,夜桜　ライブ壁紙,com.quan.lwp.fallingleaveslwp,paidapp,,JPY,99.00,0.00,99.00,城陽市富野堀口,京都府,610-6111,JP
1395653206689403,2013-03-26,1364312836,Charged,T02D,夜桜　ライブ壁紙,com.quan.lwp.fallingleaveslwp,paidapp,,JPY,99.00,0.00,99.00,,,314-0115,JP
1310860212182874,2013-03-26,1364317394,Charged,SH04E,夜桜　ライブ壁紙,com.quan.lwp.fallingleaveslwp,paidapp,,JPY,99.00,0.00,99.00,,,433-8105,JP
1303978743343562,2013-03-26,1364319345,Charged,FJI13,夜桜　ライブ壁紙,com.quan.lwp.fallingleaveslwp,paidapp,,JPY,99.00,0.00,99.00,新庄市角沢,山形県,9960052,JP
1369871938286486,2013-03-26,1364320439,Charged,SO-02C,夜桜　ライブ壁紙,com.quan.lwp.fallingleaveslwp,paidapp,,JPY,99.00,0.00,99.00,糸魚川市,新潟県,949-0301,JP
1398773368430651,2013-03-26,1364322992,Charged,t03g,夜桜　ライブ壁紙,com.quan.lwp.fallingleaveslwp,paidapp,,SGD,1.31,0.00,1.31,,,123456,SG
1349596520196921,2013-03-26,1364325811,Charged,SO-01C,夜桜　ライブ壁紙,com.quan.lwp.fallingleaveslwp,paidapp,,JPY,99.00,0.00,99.00,,,643-0071,JP
1323325120539450,2013-03-26,1364326257,Charged,SHI11,夜桜　ライブ壁紙,com.quan.lwp.fallingleaveslwp,paidapp,,JPY,99.00,0.00,99.00,涌谷町,宮城県,9870113,JP
1393526044923291,2013-03-26,1364327520,Charged,blaze,夜桜　ライブ壁紙,com.quan.lwp.fallingleaveslwp,paidapp,,JPY,99.00,0.00,99.00,,,7711616,JP
1323152873861825,2013-03-26,1364328053,Charged,C6603,夜桜　ライブ壁紙,com.quan.lwp.fallingleaveslwp,paidapp,,HKD,8.14,0.00,8.14,,-,,HK
1378747720790993,2013-03-26,1364328563,Charged,IS11S,夜桜　ライブ壁紙,com.quan.lwp.fallingleaveslwp,paidapp,,JPY,99.00,0.00,99.00,西尾市吉良町荻原埋畑,愛知県,4440524,JP
1340912878858128,2013-03-26,1364328568,Charged,sunfire,夜桜　ライブ壁紙,com.quan.lwp.fallingleaveslwp,paidapp,,JPY,99.00,0.00,99.00,高松市多肥上町,香川県,7618076,JP
1382976531772595,2013-03-26,1364329293,Charged,SO-04D,夜桜　ライブ壁紙,com.quan.lwp.fallingleaveslwp,paidapp,,JPY,99.00,0.00,99.00,,,5360015,JP
1361714463776997,2013-03-26,1364329475,Charged,dlxj,夜桜　ライブ壁紙,com.quan.lwp.fallingleaveslwp,paidapp,,JPY,99.00,0.00,99.00,,,277-0053,JP
1381584715064287,2013-03-26,1364331382,Charged,ISW11SC,夜桜　ライブ壁紙,com.quan.lwp.fallingleaveslwp,paidapp,,JPY,99.00,0.00,99.00,仙台市泉区寺岡,宮城県,9813204,JP
1387635772617147,2013-03-26,1364332312,Charged,valentewx,夜桜　ライブ壁紙,com.quan.lwp.fallingleaveslwp,paidapp,,JPY,99.00,0.00,99.00,一関市,岩手県,0210021,JP
1310350675649395,2013-03-26,1364336281,Charged,pana2_2s,夜桜　ライブ壁紙,com.quan.lwp.fallingleaveslwp,paidapp,,JPY,99.00,0.00,99.00,南大泉,東京都,1780064,JP
1371531916241058,2013-03-26,1364336778,Charged,blaze,Cherry blossom LiveWallpaper,com.quan.lwp.fallingleaveslwp,paidapp,,JPY,99.00,0.00,99.00,郡山市,福島県,9638811,JP
1337392104012153,2013-03-26,1364341022,Charged,SH01E,夜桜　ライブ壁紙,com.quan.lwp.fallingleaveslwp,paidapp,,JPY,99.00,0.00,99.00,,,244‐0804,JP
1308610429532461,2013-03-26,1364341036,Charged,SBM101SH,夜桜　ライブ壁紙,com.quan.lwp.fallingleaveslwp,paidapp,,JPY,99.00,0.00,99.00,,,3350001,JP
1380461283372593,2013-03-26,1364342099,Charged,GT-I9100,夜桜　ライブ壁紙,com.quan.lwp.fallingleaveslwp,paidapp,,JPY,99.00,0.00,99.00,,,23567,TW
1309554210523859,2013-03-27,1364349895,Charged,IS12S,夜桜　ライブ壁紙,com.quan.lwp.fallingleaveslwp,paidapp,,JPY,99.00,0.00,99.00,,,195-0057,JP
1309982093209139,2013-03-27,1364354658,Charged,imnj,夜桜　ライブ壁紙,com.quan.lwp.fallingleaveslwp,paidapp,,JPY,99.00,0.00,99.00,,,350-0823,JP
1393597838983072,2013-03-27,1364361578,Charged,IS11S,夜桜　ライブ壁紙,com.quan.lwp.fallingleaveslwp,paidapp,,JPY,99.00,0.00,99.00,大阪市福島区野田,大阪府,5530005,JP
1317497886295635,2013-03-27,1364371362,Charged,m0,夜桜　ライブ壁紙,com.quan.lwp.fallingleaveslwp,paidapp,,NOK,6.03,0.00,6.03,Sandefjord,,3227,NO
1373457407427743,2013-03-27,1364376771,Charged,mirachj,夜桜　ライブ壁紙,com.quan.lwp.fallingleaveslwp,paidapp,,JPY,99.00,0.00,99.00,,,891-0133,JP
1342607734758186,2013-03-27,1364378836,Charged,dlxj,夜桜　ライブ壁紙,com.quan.lwp.fallingleaveslwp,paidapp,,JPY,99.00,0.00,99.00,,,274-0063,JP
1373322731585065,2013-03-27,1364382305,Charged,KYY04,夜桜　ライブ壁紙,com.quan.lwp.fallingleaveslwp,paidapp,,JPY,99.00,0.00,99.00,,,061-0214,JP
1375539852781482,2013-03-27,1364386420,Charged,SH01E,夜桜　ライブ壁紙,com.quan.lwp.fallingleaveslwp,paidapp,,JPY,99.00,0.00,99.00,,,0260121,JP
1342774456297588,2013-03-27,1364390137,Charged,SH10D,夜桜　ライブ壁紙,com.quan.lwp.fallingleaveslwp,paidapp,,JPY,99.00,0.00,99.00,,,983‐0005,JP
1319696860772532,2013-03-27,1364392986,Charged,t03g,夜桜　ライブ壁紙,com.quan.lwp.fallingleaveslwp,paidapp,,HKD,8.14,0.00,8.14,,-,,HK
1382274865609648,2013-03-27,1364393046,Charged,SC-02E,夜桜　ライブ壁紙,com.quan.lwp.fallingleaveslwp,paidapp,,JPY,99.00,0.00,99.00,宝塚市湯本町,兵庫県,665-0003,JP
1327150122931490,2013-03-27,1364393828,Charged,IS11S,夜桜　ライブ壁紙,com.quan.lwp.fallingleaveslwp,paidapp,,JPY,99.00,0.00,99.00,米沢市,山形県,992-1441,JP
1369052900939154,2013-03-27,1364396881,Charged,SOL21,夜桜　ライブ壁紙,com.quan.lwp.fallingleaveslwp,paidapp,,JPY,99.00,0.00,99.00,,,857-0125,JP
1349496180453596,2013-03-27,1364399191,Charged,valentewx,夜桜　ライブ壁紙,com.quan.lwp.fallingleaveslwp,paidapp,,JPY,99.00,0.00,99.00,,,6018043,JP
1327502151915199,2013-03-27,1364401656,Charged,m0,夜桜　ライブ壁紙,com.quan.lwp.fallingleaveslwp,paidapp,,JPY,99.00,0.00,99.00,,,235,TW
1366243936968619,2013-03-27,1364402388,Charged,x2,夜桜　ライブ壁紙,com.quan.lwp.fallingleaveslwp,paidapp,,JPY,99.00,0.00,99.00,佐倉市大崎台,千葉県,285-0817,JP
1371624776548351,2013-03-27,1364404523,Charged,IS11S,夜桜　ライブ壁紙,com.quan.lwp.fallingleaveslwp,paidapp,,JPY,99.00,0.00,99.00,庄原市,広島県,7296143,JP
1391058091169037,2013-03-27,1364404729,Charged,SC-02C,夜桜　ライブ壁紙,com.quan.lwp.fallingleaveslwp,paidapp,,JPY,99.00,0.00,99.00,八女郡広川町新代,福岡県,8340115,JP
1310057434653380,2013-03-27,1364407493,Charged,T02D,夜桜　ライブ壁紙,com.quan.lwp.fallingleaveslwp,paidapp,,JPY,99.00,0.00,99.00,,,701-0204,JP
1349532372365902,2013-03-27,1364409904,Charged,F04E,夜桜　ライブ壁紙,com.quan.lwp.fallingleaveslwp,paidapp,,JPY,99.00,0.00,99.00,,,5960044,JP
1368387461241005,2013-03-27,1364410602,Charged,blaze,夜桜　ライブ壁紙,com.quan.lwp.fallingleaveslwp,paidapp,,JPY,99.00,0.00,99.00,,,526-0031,JP
1323063213202141,2013-03-27,1364411313,Charged,SH06DNERV,夜桜　ライブ壁紙,com.quan.lwp.fallingleaveslwp,paidapp,,JPY,99.00,0.00,99.00,足利市,栃木県,3260003,JP
1357858336116662,2013-03-27,1364411526,Charged,SBM102SH,夜桜　ライブ壁紙,com.quan.lwp.fallingleaveslwp,paidapp,,JPY,99.00,0.00,99.00,,,1830031,JP
1380757904335917,2013-03-27,1364411695,Charged,d2dcm,夜桜　ライブ壁紙,com.quan.lwp.fallingleaveslwp,paidapp,,JPY,99.00,0.00,99.00,,,2410021,JP
1386420193562452,2013-03-27,1364413111,Charged,SO-03D,夜桜　ライブ壁紙,com.quan.lwp.fallingleaveslwp,paidapp,,JPY,99.00,0.00,99.00,市原市,千葉県,2900168,JP
1316843213966653,2013-03-27,1364413821,Charged,SC-02C,夜桜　ライブ壁紙,com.quan.lwp.fallingleaveslwp,paidapp,,JPY,99.00,0.00,99.00,丸亀市土器町東7丁目,香川県,7630082,JP
1309095494049781,2013-03-27,1364415459,Charged,KYL21,夜桜　ライブ壁紙,com.quan.lwp.fallingleaveslwp,paidapp,,JPY,99.00,0.00,99.00,,,916-0061,JP
1316710641462704,2013-03-27,1364415657,Charged,N-04D,夜桜　ライブ壁紙,com.quan.lwp.fallingleaveslwp,paidapp,,JPY,99.00,0.00,99.00,新潟市秋葉区新栄町,新潟県,9560033,JP
1303362919463282,2013-03-27,1364416782,Charged,blaze,夜桜　ライブ壁紙,com.quan.lwp.fallingleaveslwp,paidapp,,JPY,99.00,0.00,99.00,名古屋市港区,愛知県,4550832,JP
1328697303526162,2013-03-27,1364418077,Charged,ace,夜桜　ライブ壁紙,com.quan.lwp.fallingleaveslwp,paidapp,,JPY,99.00,0.00,99.00,白井市,千葉県,2701431,JP
1324077503744806,2013-03-27,1364425977,Charged,SC-05D,夜桜　ライブ壁紙,com.quan.lwp.fallingleaveslwp,paidapp,,JPY,99.00,0.00,99.00,北海道,北海道,064-0943,JP
1354626288550571,2013-03-28,1364428925,Charged,SO-03D,夜桜　ライブ壁紙,com.quan.lwp.fallingleaveslwp,paidapp,,JPY,99.00,0.00,99.00,牛久市,茨城県,3001282,JP
1302223294582485,2013-03-28,1364433521,Charged,t0lte,夜桜　ライブ壁紙,com.quan.lwp.fallingleaveslwp,paidapp,,HKD,8.14,0.00,8.14,,-,,HK
1363629840943944,2013-03-28,1364435143,Charged,FJI11,夜桜　ライブ壁紙,com.quan.lwp.fallingleaveslwp,paidapp,,JPY,99.00,0.00,99.00,,,3001234,JP
1338526395200986,2013-03-28,1364439013,Charged,SH02E,夜桜　ライブ壁紙,com.quan.lwp.fallingleaveslwp,paidapp,,JPY,99.00,0.00,99.00,,,4370064,JP
1316675117351452,2013-03-28,1364452184,Charged,valentewx,夜桜　ライブ壁紙,com.quan.lwp.fallingleaveslwp,paidapp,,JPY,99.00,0.00,99.00,北九州市,福岡県,8030032,JP
1336790237949826,2013-03-28,1364464087,Charged,SC-02B,夜桜　ライブ壁紙,com.quan.lwp.fallingleaveslwp,paidapp,,JPY,99.00,0.00,99.00,鹿児島市,鹿児島県,8900082,JP
1324061275813209,2013-03-28,1364472104,Charged,KYI11,夜桜　ライブ壁紙,com.quan.lwp.fallingleaveslwp,paidapp,,JPY,99.00,0.00,99.00,,,2900005,JP
1385800670067307,2013-03-28,1364475187,Charged,FJI13,夜桜　ライブ壁紙,com.quan.lwp.fallingleaveslwp,paidapp,,JPY,99.00,0.00,99.00,豊中市新千里北町,大阪府,5600081,JP
1345876676268168,2013-03-28,1364480030,Charged,IS12S,夜桜　ライブ壁紙,com.quan.lwp.fallingleaveslwp,paidapp,,JPY,99.00,0.00,99.00,,,7210903,JP
1359470080303800,2013-03-28,1364489368,Charged,P-06D,夜桜　ライブ壁紙,com.quan.lwp.fallingleaveslwp,paidapp,,JPY,99.00,0.00,99.00,酒田市千日町,山形県,998-0014,JP
1319772030192762,2013-03-28,1364489781,Charged,SO-04D,夜桜　ライブ壁紙,com.quan.lwp.fallingleaveslwp,paidapp,,JPY,99.00,0.00,99.00,,,511-0912,JP
1315016939457667,2013-03-28,1364490778,Charged,dlxj,夜桜　ライブ壁紙,com.quan.lwp.fallingleaveslwp,paidapp,,JPY,99.00,0.00,99.00,,,1890025,JP
1339771818288026,2013-03-28,1364496132,Charged,P-06D,夜桜　ライブ壁紙,com.quan.lwp.fallingleaveslwp,paidapp,,JPY,99.00,0.00,99.00,,,849-0301,JP
1381596293394107,2013-03-28,1364496505,Charged,MT27i,夜桜　ライブ壁紙,com.quan.lwp.fallingleaveslwp,paidapp,,JPY,99.00,0.00,99.00,,,542,TW
1356463390824658,2013-03-28,1364498584,Charged,maguro,夜桜　ライブ壁紙,com.quan.lwp.fallingleaveslwp,paidapp,,JPY,99.00,0.00,99.00,,,6430071,JP
1372128084493693,2013-03-28,1364499857,Charged,SC-02E,夜桜　ライブ壁紙,com.quan.lwp.fallingleaveslwp,paidapp,,JPY,99.00,0.00,99.00,,,5430053,JP
1398816830334837,2013-03-28,1364501151,Charged,P-06D,夜桜　ライブ壁紙,com.quan.lwp.fallingleaveslwp,paidapp,,JPY,99.00,0.00,99.00,,,077-0217,JP
1365750449137246,2013-03-28,1364503335,Charged,SBM200SH,夜桜　ライブ壁紙,com.quan.lwp.fallingleaveslwp,paidapp,,JPY,99.00,0.00,99.00,,,640-8390,JP
1363920688584353,2013-03-28,1364506276,Charged,valentewx,夜桜　ライブ壁紙,com.quan.lwp.fallingleaveslwp,paidapp,,JPY,99.00,0.00,99.00,千曲市,長野県,389-0803,JP
1320590289108744,2013-03-28,1364506997,Charged,SBM203SH,夜桜　ライブ壁紙,com.quan.lwp.fallingleaveslwp,paidapp,,JPY,99.00,0.00,99.00,,,702-8031,JP
1313690369252978,2013-03-28,1364513020,Charged,SC-03E,夜桜　ライブ壁紙,com.quan.lwp.fallingleaveslwp,paidapp,,JPY,99.00,0.00,99.00,,,8695602,JP
1350702046986561,2013-03-28,1364514804,Charged,SO-05D,夜桜　ライブ壁紙,com.quan.lwp.fallingleaveslwp,paidapp,,JPY,99.00,0.00,99.00,,,9570016,JP
1317177647876410,2013-03-28,1364514996,Charged,T02D,夜桜　ライブ壁紙,com.quan.lwp.fallingleaveslwp,paidapp,,JPY,99.00,0.00,99.00,,,3230022,JP
1368287699523720,2013-03-29,1364520710,Charged,SHL21,夜桜　ライブ壁紙,com.quan.lwp.fallingleaveslwp,paidapp,,JPY,99.00,0.00,99.00,,,1420054,JP
1349378717601518,2013-03-29,1364531210,Charged,x2,夜桜　ライブ壁紙,com.quan.lwp.fallingleaveslwp,paidapp,,JPY,99.00,0.00,99.00,帯広市,北海道,0800024,JP
1346784193799224,2013-03-29,1364534017,Charged,villec2,夜桜　ライブ壁紙,com.quan.lwp.fallingleaveslwp,paidapp,,JPY,99.00,0.00,99.00,,,330,TW
1314894729811334,2013-03-29,1364534277,Charged,F10D,夜桜　ライブ壁紙,com.quan.lwp.fallingleaveslwp,paidapp,,JPY,99.00,0.00,99.00,新居浜市,愛媛県,792-0851,JP
1337567578586511,2013-03-29,1364535057,Charged,SO-02E,夜桜　ライブ壁紙,com.quan.lwp.fallingleaveslwp,paidapp,,JPY,99.00,0.00,99.00,,,1160002,JP
1300301822656679,2013-03-29,1364544965,Charged,P-06D,夜桜　ライブ壁紙,com.quan.lwp.fallingleaveslwp,paidapp,,JPY,99.00,0.00,99.00,,,0440004,JP
1323405798657130,2013-03-29,1364549678,Charged,SC-02C,夜桜　ライブ壁紙,com.quan.lwp.fallingleaveslwp,paidapp,,JPY,99.00,0.00,99.00,中津市定留,大分県,8790122,JP
1360210956918032,2013-03-29,1364550090,Charged,d2dcm,夜桜　ライブ壁紙,com.quan.lwp.fallingleaveslwp,paidapp,,JPY,99.00,0.00,99.00,竹田市大字玉来,大分県,878-0024,JP
1337767342131242,2013-03-29,1364556750,Charged,x2,夜桜　ライブ壁紙,com.quan.lwp.fallingleaveslwp,paidapp,,JPY,99.00,0.00,99.00,,,7370105,JP
1313469437837440,2013-03-29,1364557024,Charged,SH02E,夜桜　ライブ壁紙,com.quan.lwp.fallingleaveslwp,paidapp,,JPY,99.00,0.00,99.00,,,1580097,JP
1353980854365126,2013-03-29,1364564218,Charged,SC-02C,夜桜　ライブ壁紙,com.quan.lwp.fallingleaveslwp,paidapp,,JPY,99.00,0.00,99.00,鴻巣市新宿,埼玉県,369-0111,JP
1394321914341823,2013-03-29,1364565684,Charged,SO-02E,夜桜　ライブ壁紙,com.quan.lwp.fallingleaveslwp,paidapp,,JPY,99.00,0.00,99.00,,,2770802,JP
1389457046823046,2013-03-29,1364570084,Charged,KYI11,夜桜　ライブ壁紙,com.quan.lwp.fallingleaveslwp,paidapp,,JPY,99.00,0.00,99.00,泉佐野市,大阪府,598-0021,JP
1376846402770750,2013-03-29,1364571773,Charged,SO-02E,夜桜　ライブ壁紙,com.quan.lwp.fallingleaveslwp,paidapp,,JPY,99.00,0.00,99.00,,,3210524,JP
1302714261470142,2013-03-29,1364572281,Charged,SC-05D,夜桜　ライブ壁紙,com.quan.lwp.fallingleaveslwp,paidapp,,JPY,99.00,0.00,99.00,乙部,岩手県,0200403,JP
1322464037739112,2013-03-29,1364572600,Charged,F10D,夜桜　ライブ壁紙,com.quan.lwp.fallingleaveslwp,paidapp,,JPY,99.00,0.00,99.00,みやま市瀬高町本吉,福岡県,8350003,JP
1368962086536543,2013-03-29,1364574072,Charged,SO-02E,夜桜　ライブ壁紙,com.quan.lwp.fallingleaveslwp,paidapp,,JPY,99.00,0.00,99.00,大阪市北区,大阪府,530-0043,JP
1382838761690421,2013-03-29,1364576139,Charged,d2dcm,夜桜　ライブ壁紙,com.quan.lwp.fallingleaveslwp,paidapp,,JPY,99.00,0.00,99.00,福岡市中央区白金,福岡県,810-0012,JP
1348860952591289,2013-03-29,1364576561,Charged,blaze,夜桜　ライブ壁紙,com.quan.lwp.fallingleaveslwp,paidapp,,JPY,99.00,0.00,99.00,,,3002613,JP
1347479351236200,2013-03-29,1364578515,Charged,SOL21,夜桜　ライブ壁紙,com.quan.lwp.fallingleaveslwp,paidapp,,JPY,99.00,0.00,99.00,,,7390424,JP
1353984444213978,2013-03-29,1364580683,Charged,SO-04D,夜桜　ライブ壁紙,com.quan.lwp.fallingleaveslwp,paidapp,,JPY,99.00,0.00,99.00,,,300-2404,JP
1322368743904328,2013-03-29,1364580802,Charged,T02D,夜桜　ライブ壁紙,com.quan.lwp.fallingleaveslwp,paidapp,,JPY,99.00,0.00,99.00,,,3210944,JP
1392175623662271,2013-03-29,1364581157,Charged,SO-02E,夜桜　ライブ壁紙,com.quan.lwp.fallingleaveslwp,paidapp,,JPY,99.00,0.00,99.00,,,3920015,JP
1383516752313879,2013-03-29,1364584024,Charged,SO-03D,夜桜　ライブ壁紙,com.quan.lwp.fallingleaveslwp,paidapp,,JPY,99.00,0.00,99.00,,,0284211,JP
1395419289296486,2013-03-29,1364586638,Charged,SC-02C,夜桜　ライブ壁紙,com.quan.lwp.fallingleaveslwp,paidapp,,JPY,99.00,0.00,99.00,川崎市高津区末長49-1,神奈川県,213-0013,JP
1382840595663470,2013-03-29,1364587849,Charged,F10D,夜桜　ライブ壁紙,com.quan.lwp.fallingleaveslwp,paidapp,,JPY,99.00,0.00,99.00,,,5530007,JP
1333897658059932,2013-03-29,1364588381,Charged,SC-02C,夜桜　ライブ壁紙,com.quan.lwp.fallingleaveslwp,paidapp,,JPY,99.00,0.00,99.00,,,1210816,JP
1381113163084857,2013-03-29,1364589784,Charged,GT-I9070,Cherry blossom LiveWallpaper,com.quan.lwp.fallingleaveslwp,paidapp,,ILS,3.91,0.00,3.91,Haifa,,,IL
1318616069619869,2013-03-29,1364589962,Charged,SC-03E,夜桜　ライブ壁紙,com.quan.lwp.fallingleaveslwp,paidapp,,JPY,99.00,0.00,99.00,,,2750025,JP
1330483493030138,2013-03-29,1364593604,Charged,i_dcm,夜桜　ライブ壁紙,com.quan.lwp.fallingleaveslwp,paidapp,,JPY,99.00,0.00,99.00,和歌山市,和歌山県,6410006,JP
1353117677389488,2013-03-29,1364594119,Charged,SC-01E,夜桜　ライブ壁紙,com.quan.lwp.fallingleaveslwp,paidapp,,JPY,99.00,0.00,99.00,,,3630024,JP
1347867584165730,2013-03-29,1364595276,Charged,blaze,夜桜　ライブ壁紙,com.quan.lwp.fallingleaveslwp,paidapp,,JPY,99.00,0.00,99.00,,,8500902,JP
1388265121534990,2013-03-29,1364597240,Charged,SO-02C,夜桜　ライブ壁紙,com.quan.lwp.fallingleaveslwp,paidapp,,JPY,99.00,0.00,99.00,,,775-0202,JP
1344791840630796,2013-03-30,1364609254,Charged,t03g,夜桜　ライブ壁紙,com.quan.lwp.fallingleaveslwp,paidapp,,HKD,8.14,0.00,8.14,,-,,HK
1321863589444057,2013-03-30,1364617807,Charged,IS12S,夜桜　ライブ壁紙,com.quan.lwp.fallingleaveslwp,paidapp,,JPY,99.00,0.00,99.00,平田村,福島県,9610885,JP
1373089004070622,2013-03-30,1364625143,Charged,t03g,夜桜　ライブ壁紙,com.quan.lwp.fallingleaveslwp,paidapp,,JPY,99.00,0.00,99.00,,,324,TW
1317055362132564,2013-03-30,1364627291,Charged,SC-02C,夜桜　ライブ壁紙,com.quan.lwp.fallingleaveslwp,paidapp,,JPY,99.00,0.00,99.00,町田市原町田,東京都,194-0013,JP
1331599362838648,2013-03-30,1364628499,Charged,endeavoru,夜桜　ライブ壁紙,com.quan.lwp.fallingleaveslwp,paidapp,,JPY,99.00,0.00,99.00,,,320,TW
1377209683233408,2013-03-30,1364630220,Charged,scorpion_mini_t,夜桜　ライブ壁紙,com.quan.lwp.fallingleaveslwp,paidapp,,JPY,99.00,0.00,99.00,,,4910051,JP
1306432035057209,2013-03-30,1364642622,Charged,C6602,夜桜　ライブ壁紙,com.quan.lwp.fallingleaveslwp,paidapp,,JPY,99.00,0.00,99.00,新竹市,HSINCHU CITY,300,TW
1323190639476356,2013-03-30,1364642802,Charged,d2dcm,夜桜　ライブ壁紙,com.quan.lwp.fallingleaveslwp,paidapp,,JPY,99.00,0.00,99.00,,,381‐0037,JP
1332564663551057,2013-03-30,1364654921,Charged,SHL21,夜桜　ライブ壁紙,com.quan.lwp.fallingleaveslwp,paidapp,,JPY,99.00,0.00,99.00,,,0110927,JP
1301466662435371,2013-03-30,1364654964,Charged,tg03,夜桜　ライブ壁紙,com.quan.lwp.fallingleaveslwp,paidapp,,JPY,99.00,0.00,99.00,福岡市,福岡県,810-0053,JP
1319896536599475,2013-03-30,1364656586,Charged,F10D,夜桜　ライブ壁紙,com.quan.lwp.fallingleaveslwp,paidapp,,JPY,99.00,0.00,99.00,,,5500023,JP
1399866960762855,2013-03-30,1364663859,Charged,SO-02E,夜桜　ライブ壁紙,com.quan.lwp.fallingleaveslwp,paidapp,,JPY,99.00,0.00,99.00,,,3710054,JP
1385626127713532,2013-03-30,1364664143,Charged,SBM203SH,夜桜　ライブ壁紙,com.quan.lwp.fallingleaveslwp,paidapp,,JPY,99.00,0.00,99.00,,,5690814,JP
1313102113692763,2013-03-30,1364664481,Charged,SO-02C,夜桜　ライブ壁紙,com.quan.lwp.fallingleaveslwp,paidapp,,JPY,99.00,0.00,99.00,大阪市住之江区,大阪府,5590006,JP
1385248199093810,2013-03-30,1364666202,Charged,SO-02E,夜桜　ライブ壁紙,com.quan.lwp.fallingleaveslwp,paidapp,,JPY,99.00,0.00,99.00,,,0190508,JP
1377335208374836,2013-03-30,1364666275,Charged,geehdc,夜桜　ライブ壁紙,com.quan.lwp.fallingleaveslwp,paidapp,,JPY,99.00,0.00,99.00,,,2994114,JP
1334920145150302,2013-03-30,1364666319,Charged,SO-04D,夜桜　ライブ壁紙,com.quan.lwp.fallingleaveslwp,paidapp,,JPY,99.00,0.00,99.00,仙台市宮城野区鶴ヶ谷,宮城県,9830824,JP
1351070749895195,2013-03-30,1364667652,Charged,t0lte,Cherry blossom LiveWallpaper,com.quan.lwp.fallingleaveslwp,paidapp,,SGD,1.31,0.00,1.31,,,550228,SG
1332514402905834,2013-03-30,1364667912,Charged,SC-03D,夜桜　ライブ壁紙,com.quan.lwp.fallingleaveslwp,paidapp,,JPY,99.00,0.00,99.00,久喜市菖蒲町小林,埼玉県,346-0115,JP
1391988992919011,2013-03-30,1364668040,Charged,m0,夜桜　ライブ壁紙,com.quan.lwp.fallingleaveslwp,paidapp,,JPY,99.00,0.00,99.00,,,367,TW
1348524432251037,2013-03-30,1364668067,Charged,SO-05D,夜桜　ライブ壁紙,com.quan.lwp.fallingleaveslwp,paidapp,,JPY,99.00,0.00,99.00,,,911-0848,JP
1386463707335632,2013-03-30,1364669910,Charged,F02E,夜桜　ライブ壁紙,com.quan.lwp.fallingleaveslwp,paidapp,,JPY,99.00,0.00,99.00,,,2110035,JP
1314971404089252,2013-03-30,1364670318,Charged,geehrc,Cherry blossom LiveWallpaper,com.quan.lwp.fallingleaveslwp,paidapp,,KRW,"1,145.00",0.00,"1,145.00",대전,대전,305-365,KR
1354275391808133,2013-03-30,1364673104,Charged,SO-04D,夜桜　ライブ壁紙,com.quan.lwp.fallingleaveslwp,paidapp,,JPY,99.00,0.00,99.00,飯塚市幸袋,福岡県,8200066,JP
1326579269152135,2013-03-30,1364673753,Charged,SO-02E,夜桜　ライブ壁紙,com.quan.lwp.fallingleaveslwp,paidapp,,JPY,99.00,0.00,99.00,,,7640037,JP
1310438615359880,2013-03-30,1364675048,Charged,SC-02C,夜桜　ライブ壁紙,com.quan.lwp.fallingleaveslwp,paidapp,,JPY,99.00,0.00,99.00,豊中市,大阪府,566-0004,JP
1388625212308470,2013-03-30,1364675073,Charged,ISW11SC,夜桜　ライブ壁紙,com.quan.lwp.fallingleaveslwp,paidapp,,JPY,99.00,0.00,99.00,大和市,神奈川県,2420018,JP
1373003782863622,2013-03-30,1364676709,Charged,SC-02E,夜桜　ライブ壁紙,com.quan.lwp.fallingleaveslwp,paidapp,,JPY,99.00,0.00,99.00,,,339-0065,JP
1395457997002971,2013-03-30,1364679118,Charged,dlxj,夜桜　ライブ壁紙,com.quan.lwp.fallingleaveslwp,paidapp,,JPY,99.00,0.00,99.00,,,2770005,JP
1369698112877470,2013-03-30,1364680633,Charged,SO-02E,夜桜　ライブ壁紙,com.quan.lwp.fallingleaveslwp,paidapp,,JPY,99.00,0.00,99.00,,,3192212,JP
1312521297455549,2013-03-30,1364683031,Charged,i_dcm,夜桜　ライブ壁紙,com.quan.lwp.fallingleaveslwp,paidapp,,JPY,99.00,0.00,99.00,中川郡幕別町札内桜町,北海道,0890535,JP
1303700594245802,2013-03-30,1364685414,Charged,WX04K,夜桜　ライブ壁紙,com.quan.lwp.fallingleaveslwp,paidapp,,JPY,99.00,0.00,99.00,,,8360005,JP
1326655231716987,2013-03-30,1364685586,Charged,IS12S,夜桜　ライブ壁紙,com.quan.lwp.fallingleaveslwp,paidapp,,JPY,99.00,0.00,99.00,,,6530022,JP
1304945140805599,2013-03-30,1364685793,Charged,SBM009SH,夜桜　ライブ壁紙,com.quan.lwp.fallingleaveslwp,paidapp,,JPY,99.00,0.00,99.00,福山市新市町宮内,広島県,7293104,JP
1335171219293072,2013-03-31,1364688519,Charged,SC-01E,夜桜　ライブ壁紙,com.quan.lwp.fallingleaveslwp,paidapp,,JPY,99.00,0.00,99.00,,,1900033,JP
1310537270687127,2013-03-31,1364692013,Charged,dlxub1,夜桜　ライブ壁紙,com.quan.lwp.fallingleaveslwp,paidapp,,JPY,99.00,0.00,99.00,,,104,TW
1353879842668790,2013-03-31,1364695400,Charged,FJI13,夜桜　ライブ壁紙,com.quan.lwp.fallingleaveslwp,paidapp,,JPY,99.00,0.00,99.00,川崎市宮前区,神奈川県,2160007,JP
1370838715325696,2013-03-31,1364697456,Charged,i_dcm,夜桜　ライブ壁紙,com.quan.lwp.fallingleaveslwp,paidapp,,JPY,99.00,0.00,99.00,三戸郡階上町,青森県,0391208,JP
1326193026561635,2013-03-31,1364700035,Charged,SC-02C,夜桜　ライブ壁紙,com.quan.lwp.fallingleaveslwp,paidapp,,JPY,99.00,0.00,99.00,草津市,滋賀県,5250034,JP
1360290134371812,2013-03-31,1364705040,Charged,m0,夜桜　ライブ壁紙,com.quan.lwp.fallingleaveslwp,paidapp,,JPY,99.00,0.00,99.00,,,103,TW
1313469654424830,2013-03-31,1364714260,Charged,blaze,夜桜　ライブ壁紙,com.quan.lwp.fallingleaveslwp,paidapp,,JPY,99.00,0.00,99.00,横浜市,神奈川県,2300052,JP
1340576930722617,2013-03-31,1364714783,Charged,SC-02C,夜桜　ライブ壁紙,com.quan.lwp.fallingleaveslwp,paidapp,,JPY,99.00,0.00,99.00,狭山市笹井,埼玉県,3501327,JP
1320311482819583,2013-03-31,1364722453,Charged,dlxj,夜桜　ライブ壁紙,com.quan.lwp.fallingleaveslwp,paidapp,,JPY,99.00,0.00,99.00,,,2880024,JP
1302184164904556,2013-03-31,1364724571,Charged,SH02E,夜桜　ライブ壁紙,com.quan.lwp.fallingleaveslwp,paidapp,,JPY,99.00,0.00,99.00,,,5200241,JP
1323816703321878,2013-03-31,1364726868,Charged,P-06D,夜桜　ライブ壁紙,com.quan.lwp.fallingleaveslwp,paidapp,,JPY,99.00,0.00,99.00,,,712‐8001,JP
1381001473888914,2013-03-31,1364727551,Charged,d2dcm,夜桜　ライブ壁紙,com.quan.lwp.fallingleaveslwp,paidapp,,JPY,99.00,0.00,99.00,鹿沼市晃望台,栃木県,322-0024,JP
1367853929629323,2013-03-31,1364731409,Charged,F10D,夜桜　ライブ壁紙,com.quan.lwp.fallingleaveslwp,paidapp,,JPY,99.00,0.00,99.00,,,3812405,JP
1318500798994349,2013-03-31,1364734858,Charged,SO-02E,夜桜　ライブ壁紙,com.quan.lwp.fallingleaveslwp,paidapp,,JPY,99.00,0.00,99.00,,,2250014,JP
1378316630161938,2013-03-31,1364735786,Charged,T02D,夜桜　ライブ壁紙,com.quan.lwp.fallingleaveslwp,paidapp,,JPY,99.00,0.00,99.00,小千谷市片貝山屋町,新潟県,9470103,JP
1353176468566093,2013-03-31,1364741173,Charged,IS12S,夜桜　ライブ壁紙,com.quan.lwp.fallingleaveslwp,paidapp,,JPY,99.00,0.00,99.00,大野城市東大利,福岡県,8160941,JP
1358213016392642,2013-03-31,1364743894,Charged,TSI11,夜桜　ライブ壁紙,com.quan.lwp.fallingleaveslwp,paidapp,,JPY,99.00,0.00,99.00,木曽郡木曽町,長野県,399-6101,JP
1300417285315749,2013-03-31,1364747191,Charged,SO-02E,夜桜　ライブ壁紙,com.quan.lwp.fallingleaveslwp,paidapp,,JPY,99.00,0.00,99.00,,,1870002,JP
1357111200695687,2013-03-31,1364747977,Charged,SC-03E,夜桜　ライブ壁紙,com.quan.lwp.fallingleaveslwp,paidapp,,JPY,99.00,0.00,99.00,,,511-0428,JP
1331585929673320,2013-03-31,1364748778,Charged,blaze,夜桜　ライブ壁紙,com.quan.lwp.fallingleaveslwp,paidapp,,JPY,99.00,0.00,99.00,町,北海道,0492222,JP
1386362215476879,2013-03-31,1364754905,Charged,blaze,夜桜　ライブ壁紙,com.quan.lwp.fallingleaveslwp,paidapp,,JPY,99.00,0.00,99.00,,,4371604,JP
1394534162658021,2013-03-31,1364755223,Charged,SO-02E,夜桜　ライブ壁紙,com.quan.lwp.fallingleaveslwp,paidapp,,JPY,99.00,0.00,99.00,,,5250033,JP
1355034834926250,2013-03-31,1364757433,Charged,IS12S,夜桜　ライブ壁紙,com.quan.lwp.fallingleaveslwp,paidapp,,JPY,99.00,0.00,99.00,鹿児島市鴨池新町,鹿児島県,8900064,JP
1371744173979356,2013-03-31,1364757821,Charged,IS11S,夜桜　ライブ壁紙,com.quan.lwp.fallingleaveslwp,paidapp,,JPY,99.00,0.00,99.00,,,9872232,JP
1345405649640615,2013-03-31,1364757954,Charged,imnj,夜桜　ライブ壁紙,com.quan.lwp.fallingleaveslwp,paidapp,,JPY,99.00,0.00,99.00,,,5690062,JP
1387338823488152,2013-03-31,1364759241,Charged,d2dcm,夜桜　ライブ壁紙,com.quan.lwp.fallingleaveslwp,paidapp,,JPY,99.00,0.00,99.00,世田谷区奥沢,東京都,158-0083,JP
1338793929976960,2013-03-31,1364762338,Charged,WX04K,夜桜　ライブ壁紙,com.quan.lwp.fallingleaveslwp,paidapp,,JPY,99.00,0.00,99.00,大阪市西淀川区,大阪府,555-0023,JP
1350759899440932,2013-03-31,1364762948,Charged,SC-03E,夜桜　ライブ壁紙,com.quan.lwp.fallingleaveslwp,paidapp,,JPY,99.00,0.00,99.00,,,7730014,JP
1310757274166357,2013-03-31,1364764103,Charged,dlxj,Cherry blossom LiveWallpaper,com.quan.lwp.fallingleaveslwp,paidapp,,JPY,99.00,0.00,99.00,北屯區,台中市,406,TW
1308132497117756,2013-03-31,1364764130,Charged,F04E,夜桜　ライブ壁紙,com.quan.lwp.fallingleaveslwp,paidapp,,JPY,99.00,0.00,99.00,,,3703524,JP
1382148271746015,2013-03-31,1364764131,Charged,WX04K,夜桜　ライブ壁紙,com.quan.lwp.fallingleaveslwp,paidapp,,JPY,99.00,0.00,99.00,,,9600669,JP
1369722906685428,2013-03-31,1364764650,Charged,SOL21,夜桜　ライブ壁紙,com.quan.lwp.fallingleaveslwp,paidapp,,JPY,99.00,0.00,99.00,,,2450066,JP
1355302492945006,2013-03-31,1364765347,Charged,SH02E,夜桜　ライブ壁紙,com.quan.lwp.fallingleaveslwp,paidapp,,JPY,99.00,0.00,99.00,,,3703104,JP
1392213480094734,2013-03-31,1364766411,Charged,blaze,夜桜　ライブ壁紙,com.quan.lwp.fallingleaveslwp,paidapp,,JPY,99.00,0.00,99.00,下閉伊郡山田町飯岡,岩手県,0281352,JP
1328718117412037,2013-03-31,1364767884,Charged,thunderg,Cherry blossom LiveWallpaper,com.quan.lwp.fallingleaveslwp,paidapp,,USD,0.99,0.00,0.99,Cabot,AR,72023,US
1354783014027975,2013-03-31,1364772502,Charged,FJI11,夜桜　ライブ壁紙,com.quan.lwp.fallingleaveslwp,paidapp,,JPY,99.00,0.00,99.00,,,6600893,JP
